addr_zip,addr_zip_average_income
10001,183859.90873533246
10002,59669.40174982265
10003,306277.9620034542
10004,385265.306122449
10005,391201.5202702703
10006,203170.44534412955
10007,693379.9450549451
10009,87208.04527378404
10010,245635.68985176738
10011,304989.9635640941
10012,287537.4003189793
10013,490137.51651254954
10014,311456.73076923075
10016,257304.64547677262
10017,489890.9465020576
10018,359070.5710102489
10019,283732.6213592233
10021,618350.8779443254
10022,601535.8872960949
10023,401123.72093023255
10024,398912.21349050425
10025,163148.53966870095
10026,74229.34131736527
10027,65994.70461095101
10028,418041.4643696163
10029,53973.675310033825
10030,45009.01225666907
10031,44018.077183480025
10032,41447.23259762309
10033,48294.669117647056
10034,48373.96301849076
10035,49289.429312581065
10036,302229.54545454547
10037,51283.895131086145
10038,142428.82165605095
10039,42130.32786885246
10040,46339.13043478261
10044,101280.04587155963
10065,662741.4572864322
10069,581151.475409836
10075,513437.8057302586
10128,388963.87387387385
10162,278202.6666666667
10280,220713.9150943396
10282,621400.8368200837
10301,72114.8087431694
10302,52934.90909090909
10303,45921.72164119067
10304,72829.72304648862
10305,63467.107942973525
10306,78081.54914139569
10307,110983.38368580061
10308,79539.13043478261
10309,90039.42370661428
10310,64406.293103448275
10312,84635.53971486761
10314,72755.74168487497
10451,33871.57894736842
10452,28857.890455531455
10453,27581.542056074766
10454,28845.92731829574
10455,29715.597345132745
10456,27855.484974346444
10457,28119.5724179464
10458,30181.23556581986
10459,29996.483109671448
10460,30009.787234042553
10461,54079.19901920719
10462,43342.336495257114
10463,67481.47067405895
10464,91165.59633027524
10465,63325.08833922262
10466,40457.022302591926
10467,35974.383802816905
10468,31476.982591876207
10469,46867.05308114704
10470,53817.117117117115
10471,129770.82917082917
10472,31537.8453038674
10473,40417.30431730432
10474,29988.07157057654
10475,49135.27114967462
10501,197256.71641791044
10502,184234.8432055749
10504,532573.0952380953
10505,119536.48648648648
10506,415087.41007194243
10507,240280.66914498142
10509,90765.4037886341
10510,339488.79668049794
10511,81464.10256410256
10512,90039.84126984127
10514,551108.1180811808
10516,125563.00366300366
10518,198989.33333333334
10520,141260.24844720497
10522,160707.60667903526
10523,77971.10655737705
10524,157168.75
10526,166814.0
10527,151819.5652173913
10528,257113.56783919598
10530,134729.63988919667
10532,108855.59845559846
10533,284827.73333333334
10535,68647.5
10536,317828.7109375
10537,66431.74603174604
10538,434844.4171779141
10541,94794.21875
10543,191251.49023638232
10546,213724.2857142857
10547,87148.51752021564
10548,87795.75757575757
10549,235619.75757575757
10550,40164.84135107472
10552,80144.68468468469
10553,51714.98316498317
10560,205972.47706422018
10562,88293.84328358209
10566,57701.77562550444
10567,114782.63959390864
10570,191763.47107438016
10573,103445.35433070867
10576,364303.22580645164
10577,995287.0967741936
10578,98920.45454545454
10579,106649.88558352402
10580,633060.024600246
10583,403384.84688489966
10588,91338.34586466165
10589,129909.34782608696
10590,180532.70440251572
10591,133243.47464671655
10594,126736.64122137404
10595,140035.5623100304
10597,345496.07843137253
10598,141108.75763747454
10601,192696.568627451
10603,84740.60301507538
10604,145392.14659685863
10605,168157.66208251473
10606,90695.94272076372
10607,101696.79802955665
10701,49620.33378746594
10703,56155.90405904059
10704,67092.34813084113
10705,49531.62666666666
10706,183285.93406593407
10707,125134.67432950191
10708,311000.34512510785
10709,150495.06172839506
10710,81617.70098730606
10801,72525.74786324786
10803,277759.0538336052
10804,254568.17538896747
10805,71273.72972972973
10901,123327.15404699738
10913,135160.0760456274
10916,103162.84403669725
10917,93300.98039215687
10918,84586.05851979346
10919,75783.60655737705
10920,92163.81578947368
10921,77125.0
10923,66573.67346938775
10924,99498.11616954474
10925,78636.65338645419
10926,73257.6530612245
10927,43418.07817589577
10928,58526.991150442474
10930,93288.38268792711
10931,53682.35294117647
10940,55627.52922208787
10941,64115.117891816924
10950,78674.10514541387
10952,99922.58320126783
10954,86448.16293929712
10956,128321.10834371108
10958,75250.0
10960,115327.05128205128
10962,116980.0
10963,68408.87096774194
10964,273611.84210526315
10965,104895.76059850374
10968,148406.4
10969,74732.25806451614
10970,80172.52336448598
10973,79269.02654867257
10974,87832.07547169812
10975,53375.0
10976,80023.25581395348
10977,60886.222403924774
10980,87154.57102672293
10983,108136.24161073826
10984,85242.85714285714
10985,67056.25
10986,100155.67010309278
10987,196341.17647058822
10989,94608.36653386454
10990,103952.46727089628
10992,81928.54166666667
10993,46987.98449612403
10994,129331.59268929504
10996,76160.3448275862
10998,82145.0
11001,92343.36408800568
11003,55477.964710709886
11004,71146.74384949349
11005,177976.19047619047
11010,78811.45752143415
11020,207713.81578947368
11021,190725.6162915327
11023,200929.33985330074
11024,418183.3333333333
11030,386977.2779700115
11040,106093.4842883549
11050,227257.52794214332
11096,42946.88279301746
11101,93092.7446300716
11102,60665.565307176046
11103,57996.35666347076
11104,63769.215557020434
11105,64968.249106687086
11106,59431.91103041307
11109,184015.0417827298
11201,211177.61549925484
11203,42153.15692952581
11204,56123.238602723504
11205,75363.44755970924
11206,42479.94638069705
11207,35420.48463091766
11208,33229.40129089695
11209,78491.05998835177
11210,77996.18887015177
11211,80432.56336220725
11212,32804.799794661194
11213,42858.83327809082
11214,44464.42237829983
11215,150369.23309178744
11216,55622.60665099093
11217,139832.43243243243
11218,63479.253236976816
11219,49916.56314699793
11220,31025.875414670107
11221,43384.099197665935
11222,81581.73455978975
11223,73040.98409840984
11224,43180.80907745437
11225,52656.959177113466
11226,43226.41830559758
11228,62769.66348568558
11229,63381.91891891892
11230,78745.19789648491
11231,154471.19129438716
11232,44496.79144385027
11233,42255.28158295282
11234,67123.08765403395
11235,61086.41633064516
11236,45653.51094589013
11237,40505.808608441286
11238,96859.81691919192
11239,41247.5234270415
11354,38586.34347275032
11355,29435.373105697294
11356,44991.421763304206
11357,86466.980664353
11358,61504.33884297521
11360,95518.44181459566
11361,71531.78239083751
11362,84026.1692650334
11363,133438.2183908046
11364,71443.73259052925
11365,57157.149467838964
11366,71907.41839762611
11367,60995.15789473684
11368,31270.727198027937
11369,38966.428963247396
11370,47076.62434652726
11372,48522.72340425532
11373,36627.00314218382
11374,64710.63738156761
11375,99451.10304384251
11377,44567.81833985224
11378,56286.82735426009
11379,71314.92204899777
11385,48370.437956204376
11411,53850.83179297597
11412,45775.52483358935
11413,50938.634280476625
11414,73589.86587183308
11415,69096.08650875386
11416,36730.86714399364
11417,46413.023255813954
11418,45977.166666666664
11419,36267.01201823456
11420,43535.696095076404
11421,42191.86717998075
11422,50749.098557692305
11423,50487.711313394015
11426,65253.34051724138
11427,61935.39232053422
11428,49234.89531405782
11429,45574.22222222222
11430,48794.444444444445
11432,49537.004249291786
11433,37902.264600715134
11434,44943.28313253012
11435,43585.55970149254
11436,42468.13074565883
11501,86457.84753363229
11507,136959.06735751295
11509,230503.84615384616
11510,76532.31017770598
11514,84675.78125
11516,154477.43902439025
11518,120193.5427574171
11520,53929.741909053664
11530,263950.71672354947
11542,86289.06705539359
11545,337628.7853577371
11548,203258.57142857142
11550,43352.0697913103
11552,84074.57757296467
11553,44678.266756939745
11554,84534.34343434343
11557,206061.39088729018
11558,78601.16009280742
11559,286260.56701030926
11560,314899.1124260355
11561,105058.14549180328
11563,88921.36089577951
11565,109871.75732217573
11566,126947.96968056308
11568,742351.4285714285
11570,155613.07371349097
11572,98168.33333333333
11575,41353.705692803436
11576,303292.95774647885
11577,200009.9662162162
11579,157740.15151515152
11580,68745.69772625947
11581,91547.87714543812
11590,71220.43879907622
11596,128707.49542961609
11598,220114.90467937608
11691,44118.52173913043
11692,42293.58830146232
11693,53163.03972366149
11694,90594.39461883408
11697,107494.19642857143
11701,60480.78197481776
11702,120502.42966751919
11703,68687.69883351008
11704,64911.99052132702
11705,113623.74100719424
11706,62366.374622356496
11709,107496.05633802817
11710,107008.68362831858
11713,73087.06739526412
11714,81551.36876006442
11715,102114.28571428571
11716,80586.55913978495
11717,38742.16199568833
11718,180188.43930635837
11719,95618.8679245283
11720,74254.21443020903
11721,161889.85074626867
11722,44281.69665809769
11724,375060.6936416185
11725,116899.32930918847
11726,48829.38596491228
11727,65467.62928139691
11729,65996.52002626396
11730,100044.140625
11731,100591.27906976744
11732,179590.05235602095
11733,290982.6923076923
11735,84780.84033613445
11738,71699.05660377358
11740,112378.13163481954
11741,79618.6775732788
11742,80591.091954023
11743,177799.95549621718
11746,106996.28111273792
11747,192106.50623885918
11749,63419.786096256685
11751,90719.49685534592
11752,72928.57142857143
11753,236241.06870229007
11754,95413.86036960986
11755,89547.48427672956
11756,75557.73732119636
11757,65262.96296296296
11758,106921.6078697422
11762,106628.10402684564
11763,66102.9054054054
11764,109206.45161290323
11765,783366.6666666666
11766,119358.1847649919
11767,103527.2602739726
11768,164217.69991015273
11769,92988.4765625
11771,434227.2552783109
11772,66745.03916449087
11776,71329.46859903382
11777,187043.86694386695
11778,75568.2615629984
11779,73001.33264992312
11780,234500.6234413965
11782,103140.78624078624
11783,97658.36236933798
11784,62823.12599681021
11786,108362.8125
11787,119023.85528547202
11788,108871.57417893545
11789,72185.63829787234
11790,125990.0
11791,217818.2042833608
11792,103044.06392694064
11793,102909.93533215755
11795,102118.27794561934
11796,86493.84615384616
11797,293341.4847161572
11798,45129.17139614075
11801,69356.77246312024
11803,147555.05540166204
11804,136916.73306772907
11901,55055.81749049429
11933,75641.38888888889
11934,91784.7290640394
11935,114607.93650793651
11937,125738.2122905028
11939,102016.66666666667
11940,98015.0
11941,98465.97222222222
11942,102228.90625
11944,79406.8085106383
11946,75089.25294888597
11948,97211.76470588235
11949,87081.30081300813
11950,50293.51145038168
11951,51192.51170046802
11952,100896.95817490494
11953,63661.63982430454
11954,91252.96296296296
11955,69127.52808988764
11957,145142.22222222222
11958,90487.75510204081
11961,66766.57263751763
11963,146008.54271356785
11967,58864.96519721578
11968,155894.8051948052
11971,111099.01315789473
11976,294488.0733944954
11977,128263.9705882353
11978,113458.58585858585
11980,75575.39682539682
12008,82065.21739130435
12009,88137.53280839894
12010,51134.27931292009
12015,77765.06024096385
12017,77766.66666666667
12018,82370.17543859649
12019,92203.60248447205
12020,72719.6355085244
12022,53571.42857142857
12023,65975.0
12025,61248.70848708487
12027,87568.42105263157
12028,55135.0
12029,111303.84615384616
12031,44850.0
12032,56795.91836734694
12033,75704.11622276029
12035,47887.80487804878
12037,68139.45945945945
12041,63726.92307692308
12042,54147.82608695652
12043,55334.567901234564
12046,62737.142857142855
12047,61130.17319963537
12051,61336.61202185792
12052,63785.0
12053,72960.0
12054,102656.52654867257
12056,78098.26086956522
12057,51742.666666666664
12058,58980.882352941175
12059,68564.55696202532
12060,84007.57575757576
12061,86095.23809523809
12062,61209.3023255814
12063,85775.0
12064,38522.72727272727
12065,86359.51240748803
12066,62847.36842105263
12067,81319.48051948052
12068,52303.73134328358
12070,68301.4705882353
12071,41900.0
12072,54220.47244094488
12074,67788.88888888889
12075,79346.35761589404
12076,54910.34482758621
12077,102282.3880597015
12078,45781.13590263692
12083,61895.744680851065
12084,78515.28384279476
12085,46210.52631578947
12086,58262.10526315789
12087,61298.333333333336
12090,54411.851851851854
12092,50319.642857142855
12093,49638.57142857143
12094,59633.03571428572
12095,50160.0
12106,89066.91729323308
12108,53339.13043478261
12110,79492.63565891473
12116,48259.52380952381
12117,54475.163398692814
12118,72441.10429447853
12120,64232.142857142855
12121,69767.67676767676
12122,51209.326424870465
12123,66998.47908745248
12125,59635.52631578947
12130,53468.62745098039
12134,60003.867403314915
12136,111063.63636363637
12137,63767.41573033708
12138,59251.42857142857
12139,61361.53846153846
12140,74156.17977528089
12143,56178.846153846156
12144,61570.32967032967
12147,65346.42857142857
12148,113040.4858299595
12149,50089.21568627451
12150,58928.88888888889
12151,74810.41666666667
12153,75097.87234042553
12154,66662.16216216216
12155,47077.215189873416
12156,68788.63636363637
12157,61078.72340425532
12158,74980.30769230769
12159,139930.95768374164
12160,56237.20930232558
12164,59428.57142857143
12165,129340.0
12166,48210.769230769234
12167,48722.52252252252
12168,58841.573033707864
12169,66900.0
12170,68059.07335907336
12173,57479.74683544304
12175,50500.0
12176,65769.23076923077
12180,54049.45561139029
12182,49422.68326417704
12183,41692.142857142855
12184,78025.29761904762
12185,64745.91836734694
12186,100639.24418604652
12187,52628.94736842105
12188,66218.82352941176
12189,56432.26495726496
12190,55454.28571428572
12192,54156.41025641026
12193,65382.857142857145
12194,56940.0
12196,79516.56050955414
12197,51877.0
12198,74917.27493917276
12202,29972.935779816515
12203,78680.45387994143
12204,73866.49616368287
12205,58510.873915943965
12206,33969.17510853835
12207,44385.393258426964
12208,62325.78431372549
12209,47644.444444444445
12210,42945.64315352697
12211,138102.2988505747
12302,69888.80389429764
12303,65610.21897810219
12304,45193.97129186603
12305,43081.69014084507
12306,58771.79305457122
12307,24078.96551724138
12308,43330.04694835681
12309,102808.71530019367
12401,55230.44524669073
12404,76833.92857142857
12405,48163.63636363636
12406,44238.709677419356
12407,47533.333333333336
12409,109318.36734693877
12410,60825.0
12411,59438.46153846154
12412,61478.78787878788
12413,46290.47619047619
12414,53725.42372881356
12416,47570.0
12418,51329.62962962963
12419,72355.88235294117
12421,65400.0
12422,51335.71428571428
12423,52400.0
12424,59130.0
12427,56104.545454545456
12428,46641.2213740458
12430,55715.217391304344
12431,58197.18309859155
12433,81580.0
12434,40227.27272727273
12435,58481.25
12439,54277.77777777778
12440,75086.8686868687
12442,59565.217391304344
12443,79768.31683168317
12444,66185.71428571429
12446,57232.88888888889
12449,53534.969325153375
12451,53460.67415730337
12454,48466.666666666664
12455,55284.0
12456,46895.0
12457,70077.41935483871
12458,50022.64150943396
12460,52961.53846153846
12461,71397.4025974026
12463,58792.0
12464,58820.454545454544
12466,60780.769230769234
12468,50229.166666666664
12469,59228.125
12470,45582.608695652176
12472,54926.13636363636
12473,56536.17021276596
12474,62540.74074074074
12477,59518.77094972067
12480,49223.07692307692
12481,74297.01492537314
12482,42593.93939393939
12484,84000.0
12485,50018.36734693877
12486,66375.32467532468
12487,63091.09589041096
12491,63532.67326732673
12492,72200.0
12494,84370.58823529411
12495,93576.92307692308
12496,72065.67164179105
12498,101079.41176470589
12501,71747.05882352941
12502,78354.16666666667
12503,73427.58620689655
12508,66004.98301245754
12513,102705.35714285714
12514,105328.14814814815
12515,56791.666666666664
12516,64568.42105263158
12517,57165.0
12518,88698.3552631579
12520,115912.71676300578
12521,81070.27027027027
12522,60053.47826086957
12523,60126.19047619047
12524,80276.30272952854
12525,84065.55555555556
12526,78592.77777777778
12528,69298.56115107914
12529,93690.5982905983
12531,93274.8427672956
12533,100228.99224806202
12534,55286.469072164946
12538,65084.89736070381
12540,111993.15789473684
12542,72057.8073089701
12543,53769.811320754714
12545,132367.59259259258
12546,73706.3829787234
12547,69067.09677419355
12548,67931.57894736843
12549,81665.56420233463
12550,57812.80276816609
12553,66497.66741911211
12561,78481.98074277854
12563,78435.81267217631
12564,98321.36752136752
12565,45433.78378378379
12566,67108.7890625
12567,80602.29007633588
12569,83064.20233463035
12570,94735.41076487252
12571,83656.1555075594
12572,137814.0311804009
12575,88856.77966101695
12577,85293.26923076923
12578,92234.45378151261
12580,86240.4255319149
12581,85022.54901960785
12582,92214.41048034934
12583,71353.84615384616
12585,92555.81395348837
12586,63824.8
12589,66392.98998569384
12590,73551.08638049815
12592,65003.7037037037
12594,65807.07070707071
12601,51690.89430894309
12603,76775.53889409559
12701,42785.256410256414
12719,59702.27272727273
12720,80581.81818181818
12721,64620.67796610169
12723,60612.16216216216
12725,55764.28571428572
12726,67860.41666666667
12729,51151.282051282054
12732,68776.31578947368
12733,37884.0
12734,49319.642857142855
12737,59577.380952380954
12738,51191.666666666664
12740,66778.65168539326
12741,44133.333333333336
12742,42127.77777777778
12743,58592.307692307695
12745,55560.0
12746,48285.9649122807
12747,56407.89473684211
12748,64627.95698924731
12751,37455.813953488374
12752,59360.0
12754,47437.184115523465
12758,53506.666666666664
12759,37830.882352941175
12760,47223.80952380953
12762,53888.46153846154
12763,52036.11111111111
12764,57040.78947368421
12765,63309.52380952381
12766,39900.0
12768,58047.72727272727
12771,53720.41800643087
12775,81845.45454545454
12776,58163.09523809524
12777,71550.0
12779,49693.93939393939
12780,59043.24324324324
12783,50523.333333333336
12786,66603.33333333333
12787,49850.0
12788,50776.28865979381
12789,52562.33766233766
12790,58196.444444444445
12791,60042.42424242424
12792,61195.23809523809
12801,48631.80026281209
12803,50558.59728506787
12804,70816.40625
12808,72311.11111111111
12809,53250.30674846626
12810,47058.620689655174
12814,72950.0
12815,57221.153846153844
12816,55818.269230769234
12817,57495.72649572649
12819,43623.07692307692
12821,49228.57142857143
12822,48847.7508650519
12823,53150.0
12824,82513.63636363637
12827,54180.95238095238
12828,50030.252100840335
12831,77114.5142857143
12832,46872.08480565371
12833,82136.68122270743
12834,60572.256097560974
12835,54224.42748091603
12836,60255.1724137931
12837,47381.08108108108
12838,46948.57142857143
12839,43905.1724137931
12842,52119.67213114754
12843,51040.74074074074
12844,107014.28571428571
12845,74477.44360902255
12846,51070.98765432099
12847,55854.28571428572
12849,49453.333333333336
12850,74741.54929577465
12851,47853.333333333336
12852,56304.76190476191
12853,46389.393939393936
12855,50383.333333333336
12857,52480.769230769234
12859,59577.22772277228
12860,40371.05263157895
12861,60082.75862068965
12863,71686.11111111111
12865,53589.375
12866,219852.0260130065
12870,52785.057471264365
12871,59941.41414141414
12873,56597.4358974359
12878,45134.375
12883,50337.444933920706
12885,47386.32075471698
12886,44746.153846153844
12887,46135.813953488374
12901,54529.93006993007
12903,67436.7816091954
12910,48784.0
12912,47386.73469387755
12913,53309.25925925926
12914,44439.393939393936
12916,45359.13978494624
12917,48581.35593220339
12918,57118.80341880342
12919,51155.06329113924
12920,51999.04761904762
12921,58386.04651162791
12923,43628.0
12926,41617.045454545456
12928,49089.77272727273
12930,42616.666666666664
12932,58270.967741935485
12934,46146.51162790698
12935,49879.10447761194
12936,61480.645161290326
12937,43909.09090909091
12941,56719.04761904762
12942,82415.625
12943,63147.619047619046
12944,48067.03296703297
12945,55666.666666666664
12946,80301.83823529411
12950,43094.73684210526
12952,45503.846153846156
12953,52219.49685534591
12955,47906.666666666664
12956,43073.07692307692
12957,41651.470588235294
12958,51653.65853658537
12959,47466.12903225807
12960,48519.60784313725
12961,56910.0
12962,62354.51127819549
12965,44228.57142857143
12966,44731.45161290323
12967,48573.333333333336
12969,49066.666666666664
12970,45847.05882352941
12972,63160.256410256414
12974,44778.46153846154
12978,50322.22222222222
12979,54740.336134453784
12980,42876.36363636364
12981,55073.21428571428
12983,60349.303621169915
12985,45895.91836734694
12986,53782.954545454544
12987,43575.0
12989,59295.555555555555
12992,50931.645569620254
12993,60701.31578947369
12996,54587.096774193546
12997,51941.666666666664
12998,38426.086956521736
13021,56314.208535926526
13026,64769.354838709674
13027,74688.31694621168
13028,50131.03448275862
13029,79755.11363636363
13030,67851.25628140704
13031,71682.30500582072
13032,53503.69127516779
13033,53814.45086705202
13034,61690.58823529412
13035,119455.1282051282
13036,54703.57142857143
13037,63781.65548098434
13039,73058.77777777778
13040,46860.16949152543
13041,69450.34722222222
13042,52449.51456310679
13044,56737.19008264463
13045,54084.62214411248
13052,53211.76470588235
13053,58649.32126696833
13054,51750.72463768116
13057,57385.86118251928
13060,57282.48175182482
13061,72978.0
13063,70742.04545454546
13066,138598.4984984985
13068,58208.10810810811
13069,48636.17619493908
13071,53873.913043478264
13072,40572.97297297297
13073,55242.43421052631
13074,49359.45945945946
13076,56628.7037037037
13077,60339.2749244713
13078,123488.7445887446
13080,57774.251497005986
13081,69166.66666666667
13082,54669.29824561404
13083,51303.75
13084,72841.17647058824
13088,55559.47986577181
13090,63903.45047923323
13092,51623.21428571428
13101,46292.68292682927
13103,38307.692307692305
13104,132164.0362225097
13108,76713.6507936508
13110,70381.73913043478
13111,45034.28571428572
13112,61465.625
13114,57940.93959731544
13116,59839.77272727273
13118,53041.70212765958
13120,49409.1743119266
13122,60705.660377358494
13126,58004.698457223
13131,53141.9540229885
13132,55684.536082474224
13135,58453.420195439736
13136,44531.57894736842
13140,47281.818181818184
13141,47360.606060606064
13142,54184.15492957747
13143,47657.75862068965
13144,44300.0
13145,50090.47619047619
13146,46391.011235955055
13147,54185.71428571428
13148,53544.97991967871
13152,158080.33980582524
13155,46882.142857142855
13156,58946.91358024691
13158,45367.692307692305
13159,75860.07751937985
13160,57391.57894736842
13164,70649.21875
13165,45942.17821782178
13166,52414.34108527132
13167,53888.343558282206
13202,46879.292929292926
13203,40125.38940809969
13204,32625.06297229219
13205,33182.419127988745
13206,40048.44497607656
13207,44411.03678929766
13208,31795.3091684435
13209,49901.459854014596
13210,44000.48543689321
13211,37822.49240121581
13212,51556.90140845071
13214,71657.06666666667
13215,87375.89531680441
13219,60281.13663845223
13224,73257.75656324583
13302,40190.90909090909
13303,61164.912280701756
13304,75626.66666666667
13308,49877.41935483871
13309,50333.71212121212
13310,47616.666666666664
13314,42610.0
13315,47319.67213114754
13316,49072.43816254417
13317,49030.53892215569
13318,53181.96721311475
13319,43682.22222222222
13320,50953.1914893617
13322,56048.07692307692
13323,80294.44444444444
13324,49108.79120879121
13325,47407.142857142855
13326,89020.1581027668
13327,49294.897959183676
13328,60798.148148148146
13329,44496.894409937886
13331,79969.23076923077
13332,46692.98245614035
13334,49321.818181818184
13335,52034.24657534246
13337,77775.0
13338,46045.901639344265
13339,43398.091603053435
13340,52083.15789473684
13343,52329.48717948718
13346,81670.83333333333
13348,50718.75
13350,47048.849104859335
13354,60038.60759493671
13355,49452.5
13357,45775.64102564102
13360,54378.260869565216
13361,45735.71428571428
13363,54420.0
13365,51477.12765957447
13367,53100.554016620496
13368,45628.846153846156
13402,48276.92307692308
13403,63065.891472868214
13406,48368.0
13407,46336.51452282158
13408,50208.10810810811
13409,47914.28571428572
13411,44816.2962962963
13413,97121.834625323
13416,55596.0
13417,48256.395348837206
13420,65464.705882352944
13421,52692.407108239095
13424,56850.892857142855
13425,48013.48314606742
13428,49148.3870967742
13431,60624.444444444445
13433,38780.555555555555
13437,45515.78947368421
13438,57386.82634730539
13439,50715.47619047619
13440,54379.14144193726
13450,47175.0
13452,44802.1164021164
13454,49024.242424242424
13456,63239.901477832515
13459,49311.57894736842
13460,47721.698113207545
13461,61296.2962962963
13464,38776.92307692308
13468,57933.333333333336
13469,58247.5
13470,41580.645161290326
13471,43682.48175182482
13473,51042.42424242424
13476,54175.460122699384
13477,49659.016393442624
13478,52470.469798657716
13480,51560.126582278484
13483,40630.769230769234
13485,44914.0
13486,54692.857142857145
13488,43076.92307692308
13489,50423.333333333336
13490,53736.98630136986
13491,52523.95209580838
13492,67906.87919463088
13493,45106.02409638554
13494,39662.5
13495,46020.75471698113
13501,39365.74193548387
13502,44388.44011142061
13601,51166.06811145511
13603,45898.60335195531
13605,54097.448979591834
13606,53995.967741935485
13607,63212.0
13608,46677.41935483871
13612,52768.333333333336
13613,45576.92307692308
13614,35341.666666666664
13616,39258.02469135803
13617,60773.57512953368
13618,55222.82608695652
13619,50198.55072463768
13620,49702.247191011236
13621,46296.2962962963
13622,56692.52336448598
13624,58921.46118721461
13625,58584.09090909091
13626,52326.88172043011
13630,44192.307692307695
13634,57340.217391304344
13635,46197.67441860465
13636,45950.0
13637,44107.35294117647
13638,41666.666666666664
13640,89041.66666666667
13642,49230.40935672515
13646,48310.22727272727
13648,51311.458333333336
13650,56096.61016949153
13652,43896.103896103894
13654,47023.80952380953
13655,36225.625
13656,44628.205128205125
13658,51980.769230769234
13659,51656.52173913043
13660,49108.23529411765
13661,51968.181818181816
13662,49633.19088319088
13664,62548.0
13665,45936.11111111111
13667,44337.410071942446
13668,51360.68965517241
13669,53049.44178628389
13670,41153.846153846156
13672,47740.625
13673,45396.8085106383
13676,60818.55670103093
13679,48742.857142857145
13680,46911.36363636364
13681,46388.23529411765
13682,54586.04651162791
13684,46228.57142857143
13685,69150.43478260869
13687,58421.739130434784
13690,50650.0
13691,50419.53125
13693,62623.07692307692
13694,63211.2676056338
13696,48510.0
13697,46832.608695652176
13730,47922.04724409449
13731,64147.916666666664
13732,69389.36170212766
13733,48695.196506550215
13734,46450.0
13736,49160.18518518518
13739,45704.651162790695
13740,67617.39130434782
13743,51504.76190476191
13744,51601.92307692308
13746,53695.967741935485
13748,53218.03278688525
13750,44570.833333333336
13751,40490.90909090909
13752,49506.25
13753,55614.36170212766
13754,45670.67669172932
13755,45632.75862068965
13756,40945.454545454544
13757,55418.75
13760,58767.388235294115
13775,51216.88311688312
13776,53720.58823529412
13777,49397.2972972973
13778,54840.449438202246
13780,50308.333333333336
13782,48590.32258064516
13783,46581.0
13786,52618.75
13787,44032.214765100674
13788,51650.0
13790,46777.73851590106
13795,48794.41340782123
13796,50623.333333333336
13797,46662.63736263736
13801,41850.0
13802,52482.05128205128
13803,46766.145833333336
13804,50880.0
13807,53716.12903225807
13808,51396.0
13809,47702.94117647059
13810,47498.148148148146
13811,51950.761421319796
13812,48353.46534653466
13813,44324.39024390244
13815,53189.98330550918
13820,55537.215189873416
13825,48943.31210191083
13827,58682.23062381853
13830,49022.488038277515
13832,40752.0
13833,52468.717948717946
13835,46359.016393442624
13838,45630.769230769234
13839,45856.45161290323
13841,42540.90909090909
13842,55172.22222222222
13843,49354.666666666664
13844,40525.0
13846,47162.5
13849,48740.39408866995
13850,82340.14084507042
13856,47597.71863117871
13861,58146.666666666664
13862,49882.7027027027
13863,39173.68421052631
13864,44946.153846153844
13865,51608.88888888889
13901,53818.78646441073
13903,58852.48226950355
13904,45785.301204819276
13905,51618.65671641791
14001,62830.46218487395
14004,60456.74676524954
14005,50526.041666666664
14006,53557.26315789474
14008,51597.18309859155
14009,52674.61538461538
14011,55496.180555555555
14012,50702.67857142857
14013,47684.28571428572
14020,49321.33072407045
14024,52842.25352112676
14025,67781.52866242039
14026,67443.47826086957
14028,65516.438356164384
14030,52441.42857142857
14031,126630.05893909627
14032,124250.5617977528
14033,77598.3193277311
14034,51998.83720930233
14036,58493.64406779661
14037,60788.333333333336
14040,59499.07407407407
14042,44006.43274853801
14043,52002.29709035222
14047,61905.345911949684
14048,41163.665086887835
14051,116720.15281757402
14052,87414.5054945055
14054,54654.6875
14055,57959.15492957747
14057,68284.80392156863
14058,56691.0
14059,88566.86507936507
14060,44925.0
14062,49205.8064516129
14063,59981.2
14065,43595.0
14066,50565.95744680851
14067,54577.327935222675
14068,91872.54901960785
14069,61155.555555555555
14070,48779.03930131004
14072,82246.32152588556
14075,68572.54044599913
14080,66282.15962441315
14081,49364.34108527132
14082,55744.0
14085,78153.92405063291
14086,72159.94490358127
14091,48278.94736842105
14092,81865.1724137931
14094,55092.04
14098,48576.97841726619
14101,45775.903614457835
14102,68655.38461538461
14103,46525.15337423313
14105,51983.02752293578
14108,55365.01766784452
14111,54881.52866242038
14113,54331.57894736842
14120,59069.78984238179
14125,51174.55621301775
14127,108570.3564727955
14129,49001.5873015873
14131,59894.69696969697
14132,57817.00680272109
14134,48806.666666666664
14136,50449.35064935065
14138,47187.654320987655
14139,78872.5
14141,61118.732782369145
14143,56135.9375
14145,55306.329113924054
14150,51565.78467153285
14167,53460.256410256414
14170,71016.12903225806
14171,51635.416666666664
14172,60633.125
14174,80706.82593856656
14201,40032.77661795407
14202,212262.14689265538
14203,59473.03370786517
14204,33868.604651162794
14206,35916.414686825054
14207,28387.461773700306
14208,28874.935400516795
14209,73083.908045977
14210,34449.60380348653
14211,26091.373439273553
14212,28510.854503464205
14213,32293.650793650795
14214,55753.48837209302
14215,31836.75417661098
14216,66600.08944543828
14217,55005.95238095238
14218,39532.214765100674
14219,49979.119086460036
14220,46430.50127442651
14221,98192.63271939328
14222,90125.71428571429
14223,57428.98785425101
14224,59950.754458161864
14225,45777.703826955076
14226,82438.59174001354
14227,50088.71369294606
14228,66416.00831600832
14301,29912.929292929293
14303,30579.253112033195
14304,49001.1952191235
14305,42421.727019498605
14411,46136.58536585366
14414,59131.976744186046
14416,57220.10582010582
14418,51825.0
14420,57730.04987531172
14422,56332.40740740741
14423,56491.81034482759
14424,72673.38129496403
14425,61747.04918032787
14427,48135.10638297872
14428,63025.72062084257
14432,54463.42412451362
14433,46640.20100502513
14435,67548.27586206897
14437,50008.46681922197
14441,46558.82352941176
14445,46844.913151364766
14450,93093.51894112278
14454,73595.75163398693
14456,60366.10738255033
14462,53193.10344827586
14464,52027.433628318584
14466,57226.19047619047
14467,58926.85950413223
14468,70982.22923238696
14469,63508.96551724138
14470,49313.066666666666
14471,59232.59259259259
14472,116255.32879818595
14475,77171.42857142857
14476,58951.92307692308
14477,51734.21052631579
14478,70295.23809523809
14480,50110.86956521739
14481,53305.61797752809
14482,55342.02898550725
14485,59832.835820895525
14486,56325.0
14487,63738.20598006644
14489,45243.21766561514
14502,65778.96749521988
14504,43380.89887640449
14505,53923.07692307692
14506,135509.52380952382
14507,51856.92307692308
14510,44476.126126126124
14512,60941.150442477876
14513,46575.03852080123
14514,64284.74025974026
14516,56568.57142857143
14517,50249.61832061069
14519,67393.90444810543
14521,50470.16129032258
14522,52273.423423423425
14525,52833.333333333336
14526,90450.27932960894
14527,54718.57638888889
14530,52434.14634146341
14532,53186.04651162791
14533,52668.42105263158
14534,163403.97067806963
14536,43073.333333333336
14541,55169.52380952381
14543,86015.88235294117
14544,62967.77777777778
14546,67572.2891566265
14548,50956.770833333336
14550,51329.72972972973
14551,46666.269841269845
14555,69169.56521739131
14559,69968.8864628821
14560,57055.208333333336
14561,52825.19083969466
14564,121051.54511742892
14568,64581.493506493505
14569,52022.648083623695
14571,51941.269841269845
14572,47705.80357142857
14580,81730.88761632069
14585,44007.692307692305
14586,65176.481149012565
14589,58933.06878306878
14590,48332.31441048035
14591,55762.5
14604,72333.63636363637
14605,23771.8826405868
14606,39335.563909774435
14607,55163.24786324786
14608,29562.004175365346
14609,41169.46107784431
14610,119659.2641261498
14611,25892.727272727272
14612,60419.74766867801
14613,28625.985663082436
14614,101778.26086956522
14615,38882.233502538074
14616,44523.710649698594
14617,64505.772357723574
14618,129066.69829222011
14619,35412.48097412481
14620,51854.43396226415
14621,26736.863379143088
14622,54493.15476190476
14623,47168.28240252898
14624,60907.38492665655
14625,83930.08849557523
14626,60258.35427135678
14701,43508.984615384616
14706,64311.07142857143
14709,47196.969696969696
14710,53531.9018404908
14711,45240.0
14712,75898.05194805194
14714,50511.76470588235
14715,42587.61061946903
14716,41448.42105263158
14717,42781.25
14718,50040.0
14719,45493.150684931505
14723,47667.27272727273
14724,50493.203883495145
14726,36960.9756097561
14727,54198.260869565216
14728,57031.11111111111
14729,47605.0
14731,74128.94736842105
14733,43081.564245810056
14735,45085.436893203885
14736,56638.46153846154
14737,45459.88372093023
14738,48754.87804878049
14739,39023.21428571428
14740,47377.35849056604
14741,51595.65217391304
14743,45416.25
14744,49556.818181818184
14747,43954.63917525773
14748,41227.58620689655
14750,72698.73949579832
14753,37973.4693877551
14754,45985.18518518518
14755,44719.32773109244
14757,52811.18881118881
14760,50352.275522755226
14767,43711.11111111111
14769,42012.19512195122
14770,49506.06060606061
14772,49149.69696969697
14775,40500.0
14777,41590.0
14779,39638.983050847455
14781,42285.416666666664
14782,47033.333333333336
14784,42173.80952380953
14787,49286.36363636364
14801,46294.59459459459
14802,66128.94736842105
14803,54738.88888888889
14804,53879.032258064515
14805,54641.17647058824
14806,50718.36734693877
14807,53350.73529411765
14808,37011.11111111111
14809,46007.40740740741
14810,45922.70916334661
14812,50106.08108108108
14813,46366.01941747573
14814,76578.43137254902
14815,55335.71428571428
14816,51363.63636363636
14817,53603.875968992244
14818,61655.555555555555
14819,36427.58620689655
14820,47225.92592592593
14821,52107.28476821192
14822,43891.48936170213
14823,51059.25925925926
14824,44830.30303030303
14825,45105.1282051282
14826,49542.69662921348
14830,75540.94736842105
14836,56320.0
14837,49062.21198156682
14838,49811.23595505618
14839,43306.666666666664
14840,70872.66666666667
14841,73637.20930232559
14842,54677.77777777778
14843,48995.9219858156
14845,70492.51231527094
14846,45633.333333333336
14847,53076.576576576575
14850,84020.70175438597
14853,36522.22222222222
14855,40342.10526315789
14858,55509.72222222222
14859,46082.692307692305
14860,50491.836734693876
14861,45898.360655737706
14864,42827.77777777778
14865,50786.95652173913
14867,49037.40740740741
14869,50400.0
14870,84962.22222222222
14871,64852.380952380954
14872,44800.0
14873,45319.41747572816
14874,42954.545454545456
14877,47590.0
14878,44280.645161290326
14879,45695.833333333336
14880,46608.9552238806
14881,50976.92307692308
14882,75069.27083333333
14883,50444.21052631579
14884,45941.17647058824
14885,40732.142857142855
14886,67173.49397590362
14889,47068.115942028984
14891,50933.81642512077
14892,48877.28531855956
14894,45809.230769230766
14895,55211.08312342569
14897,45468.57142857143
14898,42751.666666666664
14901,38138.857142857145
14903,65290.88397790055
14904,37688.0
14905,68344.13145539907
